"region_country","year","total_ev_stock","yoy_change","yoy_percent"
"Africa",2013,"102.00894","0","0"
"Africa",2014,"126.00433","23.99539","23.52"
"Africa",2015,"850.0409","724.03657","574.61"
"Africa",2016,"1405.0506","555.0097","65.29"
"Africa",2017,"1370.0335","-35.0171","-2.49"
"Africa",2018,"1590.03648","220.00298","16.06"
"Africa",2019,"2854.07812","1264.04164","79.50"
"Africa",2020,"4801.1122","1947.03408","68.22"
"Africa",2021,"8057.15607","3256.04387","67.82"
"Africa",2022,"22320.54879","14263.39272","177.03"
"Africa",2023,"37151.76827","14831.21948","66.45"
"Africa",2024,"66304.4874","29152.71913","78.47"
"Asia Pacific",2010,"103319.28315","0","0"
"Asia Pacific",2011,"158730.41973","55411.13658","53.63"
"Asia Pacific",2012,"4113856.443","3955126.02327","2491.73"
"Asia Pacific",2013,"6578311.0508","2464454.6078","59.91"
"Asia Pacific",2014,"9671617.2935","3093306.2427","47.02"
"Asia Pacific",2015,"12934871.314","3263254.0205","33.74"
"Asia Pacific",2016,"16667251.60","3732380.286","28.86"
"Asia Pacific",2017,"22463338.14","5796086.54","34.78"
"Asia Pacific",2018,"31785454.95","9322116.81","41.50"
"Asia Pacific",2019,"41377298.59","9591843.64","30.18"
"Asia Pacific",2020,"53142786.55","11765487.96","28.43"
"Asia Pacific",2021,"71502353.20","18359566.65","34.55"
"Asia Pacific",2022,"84314127.76","12811774.56","17.92"
"Asia Pacific",2023,"112020828.84","27706701.08","32.86"
"Asia Pacific",2024,"136790354.38","24769525.54","22.11"
"Australia",2011,"98.00649","0","0"
"Australia",2012,"550.0314","452.02491","461.22"
"Australia",2013,"880.0376","330.0062","60.00"
"Australia",2014,"3200.164","2320.1264","263.64"
"Australia",2015,"5360.217","2160.053","67.50"
"Australia",2016,"6850.607","1490.390","27.80"
"Australia",2017,"10800.992","3950.385","57.66"
"Australia",2018,"17232.597","6431.605","59.55"
"Australia",2019,"35363.10","18130.503","105.21"
"Australia",2020,"43483.89","8120.79","22.96"
"Australia",2021,"79163.08","35679.19","82.05"
"Australia",2022,"140823.55","61660.47","77.89"
"Australia",2023,"308203.3","167379.75","118.86"
"Australia",2024,"451637.4","143434.1","46.54"
"Austria",2010,"350.0079","0","0"
"Austria",2011,"990.022","640.0141","182.86"
"Austria",2012,"2761.417","1771.395","178.92"
"Austria",2013,"4391.093","1629.676","59.02"
"Austria",2014,"7600.839","3209.746","73.10"
"Austria",2015,"11412.25","3811.411","50.14"
"Austria",2016,"23418.15","12005.90","105.20"
"Austria",2017,"33427.31","10009.16","42.74"
"Austria",2018,"45339.92","11912.61","35.64"
"Austria",2019,"64892.65","19552.73","43.12"
"Austria",2020,"105876.6","40983.95","63.16"
"Austria",2021,"182100.5","76223.9","71.99"
"Austria",2022,"232911.3","50810.8","27.90"
"Austria",2023,"324511.3","91600.0","39.33"
"Austria",2024,"389900.6","65389.3","20.15"
"Belgium",2010,"309.0793","0","0"
"Belgium",2011,"950.1775","641.0982","207.42"
"Belgium",2012,"3365.053","2414.8755","254.15"
"Belgium",2013,"4046.739","681.686","20.26"
"Belgium",2014,"8099.986","4053.247","100.16"
"Belgium",2015,"15077.675","6977.689","86.14"
"Belgium",2016,"33339.558","18261.883","121.12"
"Belgium",2017,"60747.23","27407.672","82.21"
"Belgium",2018,"85933.72","25186.49","41.46"
"Belgium",2019,"129948.56","44014.84","51.22"
"Belgium",2020,"221425.12","91476.56","70.39"
"Belgium",2021,"334154.38","112729.26","50.91"
"Belgium",2022,"489312.51","155158.13","46.43"
"Belgium",2023,"745143.26","255830.75","52.28"
"Belgium",2024,"984641.8","239498.54","32.14"
"Brazil",2010,"10.00035","0","0"
"Brazil",2011,"8.00028","-2.00007","-20.00"
"Brazil",2012,"40.0013","32.00102","400.00"
"Brazil",2013,"79.0038","39.0025","97.50"
"Brazil",2014,"135.0050","56.0012","70.88"
"Brazil",2015,"240.00560","105.00060","77.78"
"Brazil",2016,"508.0142","268.00860","111.67"
"Brazil",2017,"1128.0313","620.0171","122.05"
"Brazil",2018,"1499.924849","371.893549","32.97"
"Brazil",2019,"5184.09738","3684.172531","245.62"
"Brazil",2020,"10890.30501","5706.20763","110.07"
"Brazil",2021,"37373.102","26482.79699","243.18"
"Brazil",2022,"72776.861","35403.759","94.73"
"Brazil",2023,"165266.846","92489.985","127.09"
"Brazil",2024,"375110.842","209843.996","126.97"
"Bulgaria",2015,"21.09","0","0"
"Bulgaria",2016,"13.05","-8.04","-38.12"
"Bulgaria",2017,"106.34","93.29","714.87"
"Bulgaria",2018,"216.64","110.30","103.72"
"Bulgaria",2019,"236.67","20.03","9.25"
"Bulgaria",2020,"181","-55.67","-23.52"
"Bulgaria",2021,"552.2","371.2","205.08"
"Bulgaria",2022,"1144","591.8","107.17"
"Bulgaria",2023,"2165.8","1021.8","89.32"
"Bulgaria",2024,"2175","9.2","0.42"
"Canada",2010,"6.0011","0","0"
"Canada",2011,"1079.04592","1073.04482","17880.80"
"Canada",2012,"5097.16164","4018.11572","372.38"
"Canada",2013,"9861.2663","4764.10466","93.47"
"Canada",2014,"18230.4243","8369.1580","84.87"
"Canada",2015,"28002.56661","9772.14231","53.60"
"Canada",2016,"44831.0569","16828.49029","60.10"
"Canada",2017,"69650.52579","24819.46889","55.36"
"Canada",2018,"139293.73198","69643.20619","99.99"
"Canada",2019,"196547.50127","57253.76929","41.10"
"Canada",2020,"283263.17936","86715.67809","44.12"
"Canada",2021,"417233.4341","133970.25474","47.30"
"Canada",2022,"578084.532","160851.0979","38.55"
"Canada",2023,"800234.761","222150.229","38.43"
"Canada",2024,"1222075.661","421840.900","52.71"
"Central and South America",2010,"13.00266","0","0"
"Central and South America",2011,"30.003466","17.000806","130.75"
"Central and South America",2012,"30208.594313","30178.590847","100583.68"
"Central and South America",2013,"45298.69695","15090.102637","49.95"
"Central and South America",2014,"59326.62671","14027.92976","30.97"
"Central and South America",2015,"75884.77444","16558.14773","27.91"
"Central and South America",2016,"281504.83947","205620.06503","270.96"
"Central and South America",2017,"412717.5776","131212.73813","46.61"
"Central and South America",2018,"545280.0446","132562.4670","32.12"
"Central and South America",2019,"662955.5428","117675.4982","21.58"
"Central and South America",2020,"560583.2800","-102372.2628","-15.44"
"Central and South America",2021,"601579.3186","40996.0386","7.31"
"Central and South America",2022,"646838.745","45259.4264","7.52"
"Central and South America",2023,"776974.026","130135.281","20.12"
"Central and South America",2024,"1046766.431","269792.405","34.72"
"Chile",2011,"14.00268","0","0"
"Chile",2012,"26.00247","11.99979","85.70"
"Chile",2013,"34.00252","8.00005","30.77"
"Chile",2014,"70.0091","36.00658","105.89"
"Chile",2015,"132.0213","62.0122","88.58"
"Chile",2016,"158.0182","25.9969","19.69"
"Chile",2017,"8622.8709","8464.8527","5356.88"
"Chile",2018,"20307.791","11684.9201","135.51"
"Chile",2019,"13784.357","-6523.434","-32.12"
"Chile",2020,"21047.322","7262.965","52.69"
"Chile",2021,"24996.624","3949.302","18.76"
"Chile",2022,"26062.568","1065.944","4.26"
"Chile",2023,"31195.18","5132.612","19.69"
"Chile",2024,"42028.86","10833.68","34.73"
"China",2010,"6843.214849","0","0"
"China",2011,"17962.962954","11119.748105","162.49"
"China",2012,"3438126.192424","3420163.229470","19040.08"
"China",2013,"5766954.618553","2328828.426129","67.74"
"China",2014,"8725672.69511","2958718.076557","51.30"
"China",2015,"12298983.76104","3573311.06593","40.95"
"China",2016,"16336413.75778","4037429.99674","32.83"
"China",2017,"20915142.3039","4578728.54612","28.03"
"China",2018,"28048280.2765","7133137.9726","34.11"
"China",2019,"37781022.6476","9732742.3711","34.70"
"China",2020,"97510961.1528","59729938.5052","158.10"
"China",2021,"132943299.1372","35432337.9844","36.34"
"China",2022,"154732417.9194","21789118.7822","16.39"
"China",2023,"204761539.082","50029121.1626","32.33"
"China",2024,"251719567.506","46958028.424","22.93"
"China",2030,"287213684.746","35494117.240","14.10"
"Colombia",2011,"1.00042","0","0"
"Colombia",2012,"53.01288","52.01246","5199.06"
"Colombia",2013,"73.0136","20.00072","37.73"
"Colombia",2014,"104.0164","31.0028","42.46"
"Colombia",2015,"646.0671","542.0507","521.12"
"Colombia",2016,"1462.1352","816.0681","126.31"
"Colombia",2017,"1973.2117","511.0765","34.95"
"Colombia",2018,"5860.731","3887.5193","197.01"
"Colombia",2019,"11061.393","5200.662","88.74"
"Colombia",2020,"13441.424","2380.031","21.52"
"Colombia",2021,"21289.32","7847.896","58.39"
"Colombia",2022,"25447.329","4158.009","19.53"
"Colombia",2023,"35844.69","10397.361","40.86"
"Colombia",2024,"56448.395","20603.705","57.48"
"Costa Rica",2014,"54.0619","0","0"
"Costa Rica",2015,"105.0894","51.0275","94.39"
"Costa Rica",2016,"344.312","239.2226","227.64"
"Costa Rica",2017,"640.520","296.208","86.03"
"Costa Rica",2018,"1585.723","945.203","147.57"
"Costa Rica",2019,"2373.379","787.656","49.67"
"Costa Rica",2020,"3930.50","1557.121","65.61"
"Costa Rica",2021,"9490.21","5559.71","141.45"
"Costa Rica",2022,"12320.60","2830.39","29.82"
"Costa Rica",2023,"22162.33","9841.73","79.88"
"Costa Rica",2024,"38790.04","16627.71","75.03"
"Croatia",2019,"257.41","0","0"
"Croatia",2020,"671.9","414.49","161.02"
"Croatia",2021,"1803.8","1131.9","168.46"
"Croatia",2022,"2245","441.2","24.46"
"Croatia",2023,"2594.6","349.6","15.57"
"Croatia",2024,"3204.9","610.3","23.52"
"Cyprus",2019,"23.19","0","0"
"Cyprus",2020,"126.4","103.21","445.06"
"Cyprus",2021,"183.7","57.3","45.33"
"Cyprus",2022,"635.4","451.7","245.89"
"Cyprus",2023,"1308.8","673.4","105.98"
"Cyprus",2024,"1872","563.2","43.03"
"Czech Republic",2015,"300.13","0","0"
"Czech Republic",2016,"200.08","-100.05","-33.34"
"Czech Republic",2017,"390.14","190.06","94.99"
"Czech Republic",2018,"980.38","590.24","151.29"
"Czech Republic",2019,"1230.49","250.11","25.51"
"Czech Republic",2020,"5302.5","4072.01","330.93"
"Czech Republic",2021,"6403.1","1100.6","20.76"
"Czech Republic",2022,"7503.9","1100.8","17.19"
"Czech Republic",2023,"12005.4","4501.5","59.99"
"Czech Republic",2024,"15806.8","3801.4","31.66"
"Denmark",2010,"104.2021","0","0"
"Denmark",2011,"986.5308","882.3287","846.75"
"Denmark",2012,"4710.975","3724.4442","377.53"
"Denmark",2013,"4888.289","177.314","3.76"
"Denmark",2014,"8241.966","3353.677","68.61"
"Denmark",2015,"18626.774","10384.808","126.00"
"Denmark",2016,"19038.679","411.905","2.21"
"Denmark",2017,"19857.432","818.753","4.30"
"Denmark",2018,"28550.225","8692.793","43.78"
"Denmark",2019,"46696.941","18146.716","63.56"
"Denmark",2020,"106416.518","59719.577","127.89"
"Denmark",2021,"230489.25","124072.732","116.59"
"Denmark",2022,"304771.0","74281.75","32.23"
"Denmark",2023,"443027.92","138256.92","45.36"
"Denmark",2024,"634914.0","191886.08","43.31"
"Estonia",2015,"34.16","0","0"
"Estonia",2016,"35.15","0.99","2.90"
"Estonia",2017,"46.18","11.03","31.38"
"Estonia",2018,"118.46","72.28","156.52"
"Estonia",2019,"97.36","-21.10","-17.81"
"Estonia",2020,"416.8","319.44","328.10"
"Estonia",2021,"723.2","306.4","73.51"
"Estonia",2022,"1165.4","442.2","61.14"
"Estonia",2023,"1968.8","803.4","68.94"
"Estonia",2024,"2610","641.2","32.57"
"EU27",2010,"12689.80293","0","0"
"EU27",2011,"47616.6914","34926.88847","275.24"
"EU27",2012,"117679.0549","70062.3635","147.14"
"EU27",2013,"207248.3587","89569.3038","76.11"
"EU27",2014,"296851.9768","89603.6181","43.23"
"EU27",2015,"497051.4554","200199.4786","67.44"
"EU27",2016,"723643.6133","226592.1579","45.59"
"EU27",2017,"1010887.7099","287244.0966","39.69"
"EU27",2018,"1402645.682","391757.9721","38.75"
"EU27",2019,"2071356.7287","668711.0467","47.67"
"EU27",2020,"3921967.301","1850610.5723","89.34"
"EU27",2021,"6717996.031","2796028.730","71.29"
"EU27",2022,"9189953.132","2471957.101","36.80"
"EU27",2023,"12442534.07","3252580.938","35.39"
"EU27",2024,"14683605.45","2241071.38","18.01"
"Europe",2010,"32680.5350336","0","0"
"Europe",2011,"75981.3898391","43300.8548055","132.50"
"Europe",2012,"163004.383272","87022.9934329","114.53"
"Europe",2013,"272076.797909","109072.414637","66.91"
"Europe",2014,"436175.864012","164099.066103","60.31"
"Europe",2015,"736558.889487","300383.025475","68.87"
"Europe",2016,"1102820.880814","366261.991327","49.73"
"Europe",2017,"1562318.414818","459497.534004","41.67"
"Europe",2018,"2127429.81031","565111.395492","36.17"
"Europe",2019,"3030123.08814","902693.27783","42.43"
"Europe",2020,"10804570.01308","7774446.92494","256.57"
"Europe",2021,"17943465.63858","7138895.62550","66.07"
"Europe",2022,"24457131.49714","6513665.85856","36.30"
"Europe",2023,"33611417.6788","9154286.18166","37.43"
"Europe",2024,"40576385.8780","6964968.1992","20.72"
"Europe",2030,"74097369.271","33520983.3930","82.61"
"Finland",2011,"86.0269","0","0"
"Finland",2012,"572.008","485.9811","564.92"
"Finland",2013,"1133.957","561.949","98.24"
"Finland",2014,"1943.905","809.948","71.43"
"Finland",2015,"3382.486","1438.581","74.00"
"Finland",2016,"6139.848","2757.362","81.52"
"Finland",2017,"12715.687","6575.839","107.10"
"Finland",2018,"25419.941","12704.254","99.91"
"Finland",2019,"45204.0553","19784.1143","77.83"
"Finland",2020,"82594.9181","37390.8628","82.72"
"Finland",2021,"143471.986","60877.0679","73.71"
"Finland",2022,"194880.369","51408.383","35.83"
"Finland",2023,"297226.42","102346.051","52.52"
"Finland",2024,"328507.09","31280.67","10.52"
"France",2010,"2705.53096","0","0"
"France",2011,"10470.9045","7765.37354","287.02"
"France",2012,"29759.415","19288.5105","184.21"
"France",2013,"51336.289","21576.874","72.50"
"France",2014,"71024.782","19688.493","38.35"
"France",2015,"121252.9824","50228.2004","70.72"
"France",2016,"179413.7429","58160.7605","47.97"
"France",2017,"267699.537","88285.7941","49.21"
"France",2018,"349839.055","82139.518","30.68"
"France",2019,"470192.344","120353.289","34.40"
"France",2020,"799756.928","329564.584","70.09"
"France",2021,"1291707.243","491950.315","61.51"
"France",2022,"1713122.372","421415.129","32.62"
"France",2023,"2448420.4","735298.028","42.92"
"France",2024,"2707690.95","259270.55","10.59"
"Germany",2010,"784.10448","0","0"
"Germany",2011,"4262.2004","3478.09592","443.58"
"Germany",2012,"13570.9075","9308.7071","218.40"
"Germany",2013,"25934.061","12363.1535","91.10"
"Germany",2014,"48748.656","22814.595","87.97"
"Germany",2015,"82838.126","34089.470","69.93"
"Germany",2016,"113584.685","30746.559","37.12"
"Germany",2017,"195199.04","81614.355","71.85"
"Germany",2018,"289475.35","94276.31","48.30"
"Germany",2019,"427591.48","138116.13","47.71"
"Germany",2020,"1105713.27","678121.79","158.59"
"Germany",2021,"2094261.34","988548.07","89.40"
"Germany",2022,"2950155.691","855894.351","40.87"
"Germany",2023,"3522847.59","572691.899","19.41"
"Germany",2024,"4052317.92","529470.33","15.03"
"Greece",2012,"72.081","0","0"
"Greece",2013,"88.067468","15.986468","22.18"
"Greece",2014,"322.13686","234.069392","265.78"
"Greece",2015,"321.1295","-1.00736","-0.31"
"Greece",2016,"498.1934","177.0639","55.14"
"Greece",2017,"822.3318","324.1384","65.06"
"Greece",2018,"1282.411","460.0792","55.95"
"Greece",2019,"2184.767","902.356","70.36"
"Greece",2020,"6351.271","4166.504","190.71"
"Greece",2021,"20296.728","13945.457","219.57"
"Greece",2022,"34090.55","13793.822","67.96"
"Greece",2023,"60325.59","26235.04","76.96"
"Greece",2024,"73314.97","12989.38","21.53"
"Hungary",2015,"135.17","0","0"
"Hungary",2016,"340.36","205.19","151.80"
"Hungary",2017,"1191","850.64","249.92"
"Hungary",2018,"2071.5","880.5","73.93"
"Hungary",2019,"2901.9","830.4","40.09"
"Hungary",2020,"6004.7","3102.8","106.92"
"Hungary",2021,"8507","2502.3","41.67"
"Hungary",2022,"9608.6","1101.6","12.95"
"Hungary",2023,"11311","1702.4","17.72"
"Hungary",2024,"14312","3001","26.53"
"Iceland",2010,"75.2947","0","0"
"Iceland",2011,"67.3867","-7.9080","-10.50"
"Iceland",2012,"131.699","64.3123","95.44"
"Iceland",2013,"301.727","170.028","129.10"
"Iceland",2014,"563.81","262.083","86.86"
"Iceland",2015,"1347.77","783.96","139.05"
"Iceland",2016,"2832.36","1484.59","110.15"
"Iceland",2017,"7084.95","4252.59","150.14"
"Iceland",2018,"11882.10","4797.15","67.71"
"Iceland",2019,"14548.33","2666.23","22.44"
"Iceland",2020,"21238.5","6690.17","45.99"
"Iceland",2021,"31933.7","10695.2","50.36"
"Iceland",2022,"46683.8","14750.1","46.19"
"Iceland",2023,"58896.8","12213.0","26.16"
"Iceland",2024,"60985.6","2088.8","3.55"
"India",2010,"81335.436684","0","0"
"India",2011,"102708.859845","21373.423161","26.28"
"India",2012,"363019.641587","260310.781742","253.45"
"India",2013,"423360.152942","60340.511355","16.62"
"India",2014,"494476.402267","71116.249325","16.80"
"India",2015,"262026.009199","-232450.393068","-47.01"
"India",2016,"315093.7720213","53067.7628223","20.25"
"India",2017,"865951.486711","550857.7146897","174.82"
"India",2018,"1643989.526726","778038.040015","89.85"
"India",2019,"2177247.05705","533257.530324","32.44"
"India",2020,"4699042.89690","2521795.83985","115.82"
"India",2021,"6147362.96906","1448320.07216","30.82"
"India",2022,"8654004.31094","2506641.34188","40.78"
"India",2023,"12977565.94374","4323561.63280","49.96"
"India",2024,"17888640.39386","4911074.45012","37.84"
"India",2030,"56171897.4743","38283257.08044","214.01"
"Indonesia",2011,"2.00034","0","0"
"Indonesia",2013,"2.00024","-0.00010","0.00"
"Indonesia",2015,"16.000129","13.999889","699.91"
"Indonesia",2016,"56.000434","40.000305","250.00"
"Indonesia",2017,"7627.0700","7571.069566","13519.66"
"Indonesia",2018,"30002.22623","22375.15623","293.37"
"Indonesia",2019,"87140.57944","57138.35321","190.45"
"Indonesia",2020,"134760.2815","47619.70206","54.65"
"Indonesia",2021,"252713.78529","117953.50379","87.53"
"Indonesia",2022,"433844.94","181131.15471","71.67"
"Indonesia",2023,"460633.71","26788.77","6.17"
"Indonesia",2024,"690941.841554","230308.131554","50.00"
"Ireland",2015,"590.47","0","0"
"Ireland",2016,"690.47","100.00","16.94"
"Ireland",2017,"950.72","260.25","37.69"
"Ireland",2018,"1941.6","990.88","104.22"
"Ireland",2019,"4704.1","2762.5","142.28"
"Ireland",2020,"6507.4","1803.3","38.33"
"Ireland",2021,"16516","10008.6","153.80"
"Ireland",2022,"23722","7206","43.63"
"Ireland",2023,"33027","9305","39.23"
"Ireland",2024,"30025","-3002","-9.09"
"Israel",2010,"31.07133","0","0"
"Israel",2011,"221.3987","190.32737","612.55"
"Israel",2012,"1563.25","1341.8513","606.08"
"Israel",2013,"2006.360032","443.110032","28.35"
"Israel",2014,"2009.278","2.917968","0.15"
"Israel",2015,"2259.350","250.072","12.45"
"Israel",2016,"2499.502","240.152","10.63"
"Israel",2017,"6298.77","3799.268","152.00"
"Israel",2018,"12615.97","6317.20","100.29"
"Israel",2019,"18314.90","5698.93","45.17"
"Israel",2020,"28458.7411","10143.8411","55.39"
"Israel",2021,"70450.284","41991.5429","147.55"
"Israel",2022,"138785.452","68335.168","97.00"
"Israel",2023,"227538.89","88753.438","63.95"
"Israel",2024,"322131.28","94592.39","41.57"
"Italy",2010,"1720.1457","0","0"
"Italy",2011,"1864.0805","143.9348","8.37"
"Italy",2012,"5683.7502","3819.6697","204.91"
"Italy",2013,"7691.7325","2007.9823","35.33"
"Italy",2014,"10770.8514","3079.1189","40.03"
"Italy",2015,"15283.955","4513.1036","41.90"
"Italy",2016,"21222.489","5938.534","38.85"
"Italy",2017,"30763.241","9540.752","44.96"
"Italy",2018,"51739.938","20976.697","68.19"
"Italy",2019,"91612.04","39872.102","77.06"
"Italy",2020,"213806.60","122194.56","133.38"
"Italy",2021,"447509.68","233703.08","109.31"
"Italy",2022,"572823.33","125313.65","28.00"
"Italy",2023,"781927.60","209104.27","36.50"
"Italy",2024,"896261.35","114333.75","14.62"
"Japan",2010,"6212.0641","0","0"
"Japan",2011,"31530.4931","25318.4290","407.57"
"Japan",2012,"72202.002","40671.5089","128.99"
"Japan",2013,"107305.10","35103.098","48.62"
"Japan",2014,"161908.068","54602.968","50.89"
"Japan",2015,"188920.984","27012.916","16.68"
"Japan",2016,"211920.958","22999.974","12.17"
"Japan",2017,"294671.62","82750.662","39.05"
"Japan",2018,"324301.90701","29630.28701","10.06"
"Japan",2019,"348396.9713","24095.06429","7.43"
"Japan",2020,"383582.1633","35185.1920","10.10"
"Japan",2021,"453481.4591","69899.2958","18.22"
"Japan",2022,"628663.1504","175181.6913","38.63"
"Japan",2023,"806830.0444","178166.8940","28.34"
"Japan",2024,"893345.107","86515.0626","10.72"
"Jordan",2021,"590","0","0"
"Jordan",2022,"423","-167","-28.31"
"Jordan",2023,"660","237","56.03"
"Jordan",2024,"900","240","36.36"
"Korea",2010,"132.01281","0","0"
"Korea",2011,"973.03124","841.01843","637.07"
"Korea",2012,"2253.0500","1280.01876","131.55"
"Korea",2013,"3203.0663","950.0163","42.17"
"Korea",2014,"5663.1131","2460.0468","76.80"
"Korea",2015,"11141.26996","5478.15686","96.73"
"Korea",2016,"17432.4480","6291.17804","56.47"
"Korea",2017,"51681.1976","34248.7496","196.47"
"Korea",2018,"155897.787","104216.5894","201.65"
"Korea",2019,"206811.051","50913.264","32.66"
"Korea",2020,"326776.30","119965.249","58.01"
"Korea",2021,"574999.11","248222.81","75.96"
"Korea",2022,"929778.09","354778.98","61.70"
"Korea",2023,"1219470.7","289692.61","31.16"
"Korea",2024,"1463326.1","243855.4","20.00"
"Latvia",2015,"26.19","0","0"
"Latvia",2016,"40.24","14.05","53.65"
"Latvia",2017,"40.24","0.00","0.00"
"Latvia",2018,"90.53","50.29","124.98"
"Latvia",2019,"98.54","8.01","8.85"
"Latvia",2020,"385.6","287.06","291.31"
"Latvia",2021,"553.9","168.3","43.65"
"Latvia",2022,"1408.1","854.2","154.22"
"Latvia",2023,"2061","652.9","46.37"
"Latvia",2024,"2112","51","2.47"
"Lithuania",2015,"37.22","0","0"
"Lithuania",2016,"64.32","27.10","72.81"
"Lithuania",2017,"52.2","-12.12","-18.84"
"Lithuania",2018,"140","87.8","168.20"
"Lithuania",2019,"160.35","20.35","14.54"
"Lithuania",2020,"451.1","290.75","181.32"
"Lithuania",2021,"1605","1153.9","255.80"
"Lithuania",2022,"2077.9","472.9","29.46"
"Lithuania",2023,"3211","1133.1","54.53"
"Lithuania",2024,"3512","301","9.37"
"Luxembourg",2019,"1903.5","0","0"
"Luxembourg",2020,"5211","3307.5","173.76"
"Luxembourg",2021,"9020","3809","73.10"
"Luxembourg",2022,"10224","1204","13.35"
"Luxembourg",2023,"15832","5608","54.85"
"Luxembourg",2024,"16836","1004","6.34"
"Malaysia",2011,"270.0034","0","0"
"Malaysia",2012,"306.00533","36.00193","13.33"
"Malaysia",2013,"428.01852","122.01319","39.87"
"Malaysia",2014,"522.0235","94.00498","21.96"
"Malaysia",2015,"823.07134","301.04784","57.67"
"Malaysia",2016,"2919.4552","2096.38386","254.70"
"Malaysia",2017,"17858.793","14939.3378","511.72"
"Malaysia",2018,"19222.809","1364.016","7.64"
"Malaysia",2019,"12734.815","-6487.994","-33.75"
"Malaysia",2020,"14946.758","2211.943","17.37"
"Malaysia",2021,"19918.004","4971.246","33.26"
"Malaysia",2022,"30579.375","10661.371","53.53"
"Malaysia",2023,"60544.074","29964.699","97.99"
"Malaysia",2024,"109860.06016","49315.98616","81.45"
"Mexico",2011,"6.000421","0","0"
"Mexico",2012,"819.0966","813.096179","13550.65"
"Mexico",2013,"1012.09696","193.00036","23.56"
"Mexico",2014,"1598.10693","586.00997","57.90"
"Mexico",2015,"2249.1161","651.00917","40.74"
"Mexico",2016,"3618.1047","1368.9886","60.87"
"Mexico",2017,"6060.159","2442.0543","67.50"
"Mexico",2018,"12306.426","6246.267","103.07"
"Mexico",2019,"19366.658","7060.232","57.37"
"Mexico",2020,"26676.906","7310.248","37.75"
"Mexico",2021,"39851.246","13174.340","49.38"
"Mexico",2022,"53521.49","13670.244","34.30"
"Mexico",2023,"83802.15","30280.66","56.58"
"Mexico",2024,"126753.04","42950.89","51.25"
"Middle East and Caspian",2010,"180.0093","0","0"
"Middle East and Caspian",2011,"361.00681","180.99751","100.55"
"Middle East and Caspian",2012,"359.00620","-2.00061","-0.55"
"Middle East and Caspian",2013,"194.000288","-165.005912","-45.96"
"Middle East and Caspian",2014,"10094.64602","9900.645732","5103.42"
"Middle East and Caspian",2015,"15260.7292","5166.08318","51.18"
"Middle East and Caspian",2016,"11554.064505","-3706.664695","-24.29"
"Middle East and Caspian",2017,"12105.07393","551.009425","4.77"
"Middle East and Caspian",2018,"14524.16410","2419.09017","19.98"
"Middle East and Caspian",2019,"17081.21570","2557.05160","17.61"
"Middle East and Caspian",2020,"20642.75362","3561.53792","20.85"
"Middle East and Caspian",2021,"28713.79715","8071.04353","39.10"
"Middle East and Caspian",2022,"32914.89644","4201.09929","14.63"
"Middle East and Caspian",2023,"67733.96617","34819.06973","105.79"
"Middle East and Caspian",2024,"230395.28721","162661.32104","240.15"
"Netherlands",2010,"964.2835","0","0"
"Netherlands",2011,"19687.470","18723.1865","1941.67"
"Netherlands",2012,"39428.300","19740.830","100.27"
"Netherlands",2013,"82897.301","43469.001","110.25"
"Netherlands",2014,"102755.268","19857.967","23.95"
"Netherlands",2015,"161903.418","59148.150","57.56"
"Netherlands",2016,"231001.258","69097.840","42.68"
"Netherlands",2017,"230392.377","-608.881","-0.26"
"Netherlands",2018,"270029.04","39636.663","17.20"
"Netherlands",2019,"402720.65","132691.61","49.14"
"Netherlands",2020,"557831.35","155110.70","38.52"
"Netherlands",2021,"724048.20","166216.85","29.80"
"Netherlands",2022,"957574.42","233526.22","32.25"
"Netherlands",2023,"1239820.71","282246.29","29.48"
"Netherlands",2024,"1581328.3","341507.59","27.54"
"New Zealand",2010,"240.55548","0","0"
"New Zealand",2011,"277.859","37.30352","15.51"
"New Zealand",2012,"318.6619","40.8029","14.68"
"New Zealand",2013,"373.5512","54.8893","17.22"
"New Zealand",2014,"985.839","612.2878","163.91"
"New Zealand",2015,"1753.56","767.721","77.87"
"New Zealand",2016,"4222.349","2468.789","140.79"
"New Zealand",2017,"9832.45","5610.101","132.87"
"New Zealand",2018,"17754.52","7922.07","80.57"
"New Zealand",2019,"26391.30","8636.78","48.65"
"New Zealand",2020,"31198.33","4807.03","18.21"
"New Zealand",2021,"49949.71","18751.38","60.10"
"New Zealand",2022,"99347.06","49397.35","98.89"
"New Zealand",2023,"129748.36","30401.30","30.60"
"New Zealand",2024,"130601.93","853.57","0.66"
"North America",2010,"5020.014042","0","0"
"North America",2011,"40720.2328","35700.218758","711.16"
"North America",2012,"132766.65326","92046.42046","226.05"
"North America",2013,"275359.0394","142592.38614","107.40"
"North America",2014,"417977.20612","142618.16672","51.79"
"North America",2015,"529107.8237","111130.61758","26.59"
"North America",2016,"748042.6919","218934.8682","41.38"
"North America",2017,"979716.0339","231673.3420","30.97"
"North America",2018,"1525504.5396","545788.5057","55.71"
"North America",2019,"1829235.3138","303730.7742","19.91"
"North America",2020,"2111494.9432","282259.6294","15.43"
"North America",2021,"2954333.3339","842838.3907","39.92"
"North America",2022,"4131132.636","1176799.3021","39.83"
"North America",2023,"6371802.363","2240669.727","54.24"
"North America",2024,"8250347.4615","1878545.0985","29.48"
"Norway",2010,"5863.4034","0","0"
"Norway",2011,"9065.69021","3202.28681","54.61"
"Norway",2012,"16584.427","7518.73679","82.94"
"Norway",2013,"29053.142","12468.715","75.18"
"Norway",2014,"63703.963","34650.821","119.27"
"Norway",2015,"110930.145","47226.182","74.13"
"Norway",2016,"169853.84","58923.695","53.12"
"Norway",2017,"255974.9144","86121.0744","50.70"
"Norway",2018,"338319.1524","82344.2380","32.17"
"Norway",2019,"434312.3233","95993.1709","28.37"
"Norway",2020,"630026.092","195713.7687","45.06"
"Norway",2021,"816119.40","186093.308","29.54"
"Norway",2022,"1007302.47","191183.07","23.43"
"Norway",2023,"1086495.2","79192.73","7.86"
"Norway",2024,"1158032.8","71537.6","6.58"
"Poland",2010,"19.0126","0","0"
"Poland",2011,"46.0206","27.0080","142.05"
"Poland",2012,"123.148","77.1274","167.59"
"Poland",2013,"177.268","54.120","43.95"
"Poland",2014,"425.270","248.002","139.90"
"Poland",2015,"3235.44574","2810.17574","660.80"
"Poland",2016,"3829.7187","594.27296","18.37"
"Poland",2017,"6365.3933","2535.6746","66.21"
"Poland",2018,"10286.8078","3921.4145","61.61"
"Poland",2019,"21654.909","11368.1012","110.51"
"Poland",2020,"39203.291","17548.382","81.04"
"Poland",2021,"74002.933","34799.642","88.77"
"Poland",2022,"112868.34","38865.407","52.52"
"Poland",2023,"162594.43","49726.09","44.06"
"Poland",2024,"190070.56","27476.13","16.90"
"Portugal",2010,"733.0208","0","0"
"Portugal",2011,"2188.129","1455.1082","198.51"
"Portugal",2012,"2213.2672","25.1382","1.15"
"Portugal",2013,"2607.3831","394.1159","17.81"
"Portugal",2014,"2937.694","330.3109","12.67"
"Portugal",2015,"4934.774","1997.080","67.98"
"Portugal",2016,"7613.234","2678.460","54.28"
"Portugal",2017,"15237.3589","7624.1249","100.14"
"Portugal",2018,"27464.946","12227.5871","80.25"
"Portugal",2019,"45727.328","18262.382","66.49"
"Portugal",2020,"74236.021","28508.693","62.34"
"Portugal",2021,"114751.745","40515.724","54.58"
"Portugal",2022,"163182.68","48430.935","42.20"
"Portugal",2023,"260849.83","97667.15","59.85"
"Portugal",2024,"337327.30","76477.47","29.32"
"Rest of the world",2010,"9869.7969797","0","0"
"Rest of the world",2011,"10082.3775292","212.5805495","2.15"
"Rest of the world",2012,"133329.8072962","123247.4297670","1222.40"
"Rest of the world",2013,"244516.9786486","111187.1713524","83.39"
"Rest of the world",2014,"324303.4575801","79786.4789315","32.63"
"Rest of the world",2015,"416468.4229559","92164.9653758","28.42"
"Rest of the world",2016,"790578.4834929","374110.0605370","89.83"
"Rest of the world",2017,"1083719.4530654","293140.9695725","37.08"
"Rest of the world",2018,"1462274.890817","378555.4377516","34.93"
"Rest of the world",2019,"1858853.992697","396579.101880","27.12"
"Rest of the world",2020,"5778849.443238","3919995.450541","210.88"
"Rest of the world",2021,"7216794.01628","1437944.573042","24.88"
"Rest of the world",2022,"9076719.58354","1859925.56726","25.77"
"Rest of the world",2023,"11423878.0546","2347158.47106","25.86"
"Rest of the world",2024,"14208620.7340","2784742.6794","24.38"
"Rest of the world",2030,"73586247.096","59377626.3620","417.90"
"Romania",2015,"24.03","0","0"
"Romania",2016,"74.08","50.05","208.28"
"Romania",2017,"190.18","116.10","156.72"
"Romania",2018,"600.46","410.28","215.73"
"Romania",2019,"1500.93","900.47","149.96"
"Romania",2020,"3803.1","2302.17","153.38"
"Romania",2021,"6305.2","2502.1","65.79"
"Romania",2022,"12009","5703.8","90.46"
"Romania",2023,"15011","3002","25.00"
"Romania",2024,"9806.5","-5204.5","-34.67"
"Russia",2011,"41.0015","0","0"
"Russia",2012,"139.00191","98.00041","239.02"
"Russia",2013,"90.00021","-49.00170","-35.25"
"Russia",2014,"9894.6932","9804.69299","10894.08"
"Russia",2015,"13927.90057","4033.20737","40.76"
"Russia",2016,"10203.239253","-3724.661317","-26.74"
"Russia",2017,"10137.5729","-65.666353","-0.64"
"Russia",2018,"12264.39286","2126.81996","20.98"
"Russia",2019,"13781.64583","1517.25297","12.37"
"Russia",2020,"16734.0148","2952.36897","21.42"
"Russia",2021,"24290.59659","7556.58179","45.16"
"Russia",2022,"24258.01786","-32.57873","-0.13"
"Russia",2023,"31985.74223","7727.72437","31.86"
"Russia",2024,"94423.54651","62437.80428","195.21"
"Seychelles",2015,"3.15","0","0"
"Seychelles",2016,"12.63","9.48","300.95"
"Seychelles",2017,"32","19.37","153.37"
"Seychelles",2018,"34.3","2.3","7.19"
"Seychelles",2019,"39.6","5.3","15.45"
"Seychelles",2020,"29.3","-10.3","-26.01"
"Seychelles",2021,"65.2","35.9","122.53"
"Seychelles",2022,"38.7","-26.5","-40.64"
"Seychelles",2023,"105","66.3","171.32"
"Slovakia",2015,"52.07","0","0"
"Slovakia",2016,"59.07","7.00","13.44"
"Slovakia",2017,"210.22","151.15","255.88"
"Slovakia",2018,"290.3","80.08","38.09"
"Slovakia",2019,"360.36","70.06","24.13"
"Slovakia",2020,"1782.3","1421.94","394.59"
"Slovakia",2021,"2303","520.7","29.22"
"Slovakia",2022,"3003.7","700.7","30.43"
"Slovakia",2023,"5306.1","2302.4","76.65"
"Slovakia",2024,"4404.8","-901.3","-16.99"
"Slovenia",2016,"186.32","0","0"
"Slovenia",2017,"460.64","274.32","147.23"
"Slovenia",2018,"660.91","200.27","43.48"
"Slovenia",2019,"218.29","-442.62","-66.97"
"Slovenia",2020,"1642.1","1423.81","652.26"
"Slovenia",2021,"2013.8","371.7","22.64"
"Slovenia",2022,"2896.2","882.4","43.82"
"Slovenia",2023,"5511","2614.8","90.28"
"Slovenia",2024,"4308.1","-1202.9","-21.83"
"South Africa",2013,"102.03304","0","0"
"South Africa",2014,"126.01604","23.98300","23.51"
"South Africa",2015,"850.5112","724.49516","574.92"
"South Africa",2016,"1405.4088","554.8976","65.24"
"South Africa",2017,"1480.4944","75.0856","5.34"
"South Africa",2018,"1629.2482","148.7538","10.05"
"South Africa",2019,"2147.4405","518.1923","31.81"
"South Africa",2020,"2434.5866","287.1461","13.37"
"South Africa",2021,"2526.5968","92.0102","3.78"
"South Africa",2022,"3512.35217","985.75537","39.02"
"South Africa",2023,"7707.2269","4194.87473","119.43"
"South Africa",2024,"13334.3205","5627.0936","73.01"
"Spain",2010,"152.00804","0","0"
"Spain",2011,"890.0741","738.06606","485.54"
"Spain",2012,"6951.4975","6061.4234","681.00"
"Spain",2013,"9536.1646","2584.6671","37.18"
"Spain",2014,"12172.582","2636.4174","27.65"
"Spain",2015,"17203.219","5030.637","41.33"
"Spain",2016,"27022.343","9819.124","57.08"
"Spain",2017,"39640.3531","12618.0101","46.69"
"Spain",2018,"69467.43","29827.0769","75.24"
"Spain",2019,"108537.04884","39069.61884","56.24"
"Spain",2020,"200023.1832","91486.13436","84.29"
"Spain",2021,"302412.225","102389.0418","51.19"
"Spain",2022,"423436.624","121024.399","40.02"
"Spain",2023,"632180.62","208743.996","49.30"
"Spain",2024,"749723.90","117543.28","18.59"
"Sweden",2010,"8.001392","0","0"
"Sweden",2011,"378.0790","370.077608","4625.17"
"Sweden",2012,"2837.161","2459.0820","650.41"
"Sweden",2013,"4910.311","2073.150","73.07"
"Sweden",2014,"13832.50082","8922.18982","181.70"
"Sweden",2015,"25994.0019","12161.50108","87.92"
"Sweden",2016,"43655.358","17661.3561","67.94"
"Sweden",2017,"69512.0132","25856.6552","59.23"
"Sweden",2018,"106591.8879","37079.8747","53.34"
"Sweden",2019,"159681.385","53089.4971","49.81"
"Sweden",2020,"303881.321","144199.936","90.30"
"Sweden",2021,"476744.02","172862.699","56.88"
"Sweden",2022,"662506.25","185762.23","38.96"
"Sweden",2023,"832523.85","170017.60","25.66"
"Sweden",2024,"938970.3","106446.45","12.79"
"Switzerland",2011,"882.15","0","0"
"Switzerland",2012,"4526.928","3644.778","413.17"
"Switzerland",2013,"6659.080","2132.152","47.10"
"Switzerland",2014,"12233.415","5574.335","83.71"
"Switzerland",2015,"23613.77","11380.355","93.03"
"Switzerland",2016,"29880.831","6267.061","26.54"
"Switzerland",2017,"41081.673","11200.842","37.49"
"Switzerland",2018,"55564.01","14482.337","35.25"
"Switzerland",2019,"82224.73","26660.72","47.98"
"Switzerland",2020,"136390.79","54166.06","65.88"
"Switzerland",2021,"219345.01","82954.22","60.82"
"Switzerland",2022,"298865.81","79520.80","36.25"
"Switzerland",2023,"405242.8","106376.99","35.59"
"Switzerland",2024,"467912.7","62669.9","15.46"
"Thailand",2010,"8295.073171","0","0"
"Thailand",2011,"6582.04712","-1713.026051","-20.65"
"Thailand",2012,"4695.02681","-1887.02031","-28.67"
"Thailand",2013,"3269.01744","-1426.00937","-30.37"
"Thailand",2014,"2698.02655","-570.99089","-17.47"
"Thailand",2015,"2118.0158","-580.01075","-21.50"
"Thailand",2016,"1847.0154","-271.0004","-12.80"
"Thailand",2017,"1873.0266","26.0112","1.41"
"Thailand",2018,"18766.9409","16893.9143","901.96"
"Thailand",2019,"32650.172","13883.2311","73.98"
"Thailand",2020,"42311.373","9661.201","29.59"
"Thailand",2021,"57372.671","15061.298","35.60"
"Thailand",2022,"106303.155","48930.484","85.29"
"Thailand",2023,"307513.09","201209.935","189.28"
"Thailand",2024,"404815.68","97302.59","31.64"
"Turkiye",2012,"238.0591","0","0"
"Turkiye",2013,"581.08325","343.02415","144.09"
"Turkiye",2014,"2728.6757","2147.59245","369.58"
"Turkiye",2015,"4700.9538","1972.2781","72.28"
"Turkiye",2016,"10670.4532","5969.4994","126.98"
"Turkiye",2017,"18923.9419","8253.4887","77.35"
"Turkiye",2018,"24638.0436","5714.1017","30.20"
"Turkiye",2019,"32338.811","7700.7674","31.26"
"Turkiye",2020,"43155.375","10816.564","33.45"
"Turkiye",2021,"64195.804","21040.429","48.76"
"Turkiye",2022,"96017.6416","31821.8376","49.57"
"Turkiye",2023,"367220.9699","271203.3283","282.45"
"Turkiye",2024,"680813.4318","313592.4619","85.40"
"United Kingdom",2010,"9000.2463","0","0"
"United Kingdom",2011,"12235.082","3234.8357","35.94"
"United Kingdom",2012,"17045.071","4809.989","39.31"
"United Kingdom",2013,"23175.043","6129.972","35.96"
"United Kingdom",2014,"50566.087","27391.044","118.19"
"United Kingdom",2015,"93587.394","43021.307","85.08"
"United Kingdom",2016,"144993.125","51405.731","54.93"
"United Kingdom",2017,"202276.1317","57283.0067","39.51"
"United Kingdom",2018,"277061.068","74784.9363","36.97"
"United Kingdom",2019,"361361.051","84299.983","30.43"
"United Kingdom",2020,"642773.977","281412.926","77.88"
"United Kingdom",2021,"1115363.001","472589.024","73.52"
"United Kingdom",2022,"1454533.71","339170.709","30.41"
"United Kingdom",2023,"2231136.9","776603.19","53.39"
"United Kingdom",2024,"2968846.15","737709.25","33.06"
"USA",2010,"5509.469015","0","0"
"USA",2011,"44298.549954","38789.080939","704.04"
"USA",2012,"144033.2112753","99734.6613213","225.14"
"USA",2013,"289510.8863531","145477.6750778","101.00"
"USA",2014,"436783.3949703","147272.5086172","50.87"
"USA",2015,"558958.9336083","122175.5386380","27.97"
"USA",2016,"785366.310559","226407.3769507","40.51"
"USA",2017,"1022792.811247","237426.500688","30.23"
"USA",2018,"1572135.570903","549342.759656","53.71"
"USA",2019,"1895539.613558","323404.042655","20.57"
"USA",2020,"4370570.77516","2475031.161602","130.57"
"USA",2021,"6064550.549916","1693979.774756","38.76"
"USA",2022,"8465817.16094","2401266.611024","39.60"
"USA",2023,"12993886.83244","4528069.67150","53.49"
"USA",2024,"16433312.59946","3439425.76702","26.47"
"USA",2030,"27159801.81035","10726489.21089","65.27"
"Uzbekistan",2023,"20226.04","0","0"
"Uzbekistan",2024,"55207.97","34981.93","172.95"
"Viet Nam",2014,"2800.0488","0","0"
"Viet Nam",2015,"9800.144","7000.0952","250.00"
"Viet Nam",2016,"75001.196","65201.052","665.31"
"Viet Nam",2017,"124001.48","49000.284","65.33"
"Viet Nam",2018,"276009.0718","152007.5918","122.59"
"Viet Nam",2019,"550009.01018","273999.93838","99.27"
"Viet Nam",2020,"780011.20017","230002.18999","41.82"
"Viet Nam",2021,"1070185.58758","290174.38741","37.20"
"Viet Nam",2022,"1374751.65099","304566.06341","28.46"
"Viet Nam",2023,"1626069.7","251318.04901","18.28"
"Viet Nam",2024,"2035387.6","409317.9","25.17"
"World",2010,"142161.152971","0","0"
"World",2011,"281295.829966","139134.676995","97.87"
"World",2012,"4388077.050866","4106781.220900","1459.95"
"World",2013,"7101382.729692","2713305.678826","61.83"
"World",2014,"10740158.630378","3638775.900686","51.24"
"World",2015,"14451615.0705","3711456.440122","34.56"
"World",2016,"19713018.9339","5261403.8634","36.41"
"World",2017,"26152560.6288","6439541.6949","32.67"
"World",2018,"36021731.6984","9869171.0696","37.74"
"World",2019,"48137703.027","12115971.3286","33.64"
"World",2020,"125366304.718","77228601.691","160.43"
"World",2021,"170900365.972","45534061.254","36.32"
"World",2022,"208161506.944","37261140.972","21.80"
"World",2023,"279531119.230","71369612.286","34.29"
"World",2024,"348214273.038","68683153.808","24.57"
"World",2030,"512931466.14","164717193.102","47.30"
